threads,tempo,speedup,eficiencia
1,3.959698,1.0000,1.0000
2,1.729013,2.2901,1.1451
4,1.177597,3.3625,0.8406
6,0.753608,5.2543,0.8757
8,0.711579,5.5647,0.6956
10,0.859261,4.6083,0.4608
12,0.874215,4.5294,0.3775
