threads,tempo,speedup,eficiencia
1,4.365271,1.0000,1.0000
2,1.827337,2.3889,1.1944
4,1.098059,3.9754,0.9939
6,0.795531,5.4872,0.9145
8,0.639585,6.8252,0.8531
10,0.606522,7.1972,0.7197
12,0.694018,6.2899,0.5242
