threads,tempo,speedup,eficiencia
1,4.151747,1.0000,1.0000
2,1.743304,2.3815,1.1908
4,1.146962,3.6198,0.9049
6,0.678503,6.1190,1.0198
8,0.571638,7.2629,0.9079
10,0.552787,7.5106,0.7511
12,0.625473,6.6378,0.5531
