threads,tempo,speedup,eficiencia
1,0.012897,1.0000,1.0000
2,0.012041,1.0711,0.5355
4,0.007350,1.7547,0.4387
